{
  "model": "claude-sonnet-4-6",
  "stt_model": "gpt-4o-transcribe",
  "tts_model": "sonic-3",
  "iterations": 20,
  "stages": {
    "stt": {
      "n": 20,
      "p50": 710.7908125035465,
      "p95": 1229.1816440410917,
      "mean": 825.7196478953119
    },
    "llm": {
      "n": 20,
      "p50": 1179.2101340251975,
      "p95": 1580.989155266434,
      "mean": 1152.3908811912406
    },
    "tts": {
      "n": 20,
      "p50": 160.5095625272952,
      "p95": 203.67645854130387,
      "mean": 169.465467648115
    }
  }
}